source_file,csv_column,r_name_in_final_code_v2_qmd,description,used_in_final_code_v2_qmd,notes
demographics_2.csv,user_id,user_id,Unique participant identifier (matches behavior-18.csv user_id),Yes - join key for exclusion and merge,One row per participant; one row has age >= 100 and is a test/dummy record excluded via exclude_ids
demographics_2.csv,sex,-,Self-reported sex (Japanese: 女性=female / 男性=male),Yes - table(dat_demo$sex) reported in Participants section,Not used as a model predictor anywhere
demographics_2.csv,age,-,Self-reported age in years,Yes - mean(dat_demo$age)/sd(dat_demo$age) reported; also used to detect and exclude the age>=100 test record,-
behavior-18.csv,round,round,"Trial index within a participant's session, 0-based in the raw file",Yes - recoded to round+1 (1-13); rounds 1-3 are unrewarded practice trials and are excluded via filter(round >= 4),Practice trials (rounds 1-3) have no reward and are excluded from all analyses in final_code_v2.qmd
behavior-18.csv,survey_rt,-,Reaction time (ms) for the post-trial emotion-rating survey,No,Not referenced in final_code_v2.qmd
behavior-18.csv,inner-regret,inner.regret,"Subjective depth regret rating (0-100 slider): ""I regret that I should have chosen a different option among those I checked""",Yes - standardized as z_inner_regret; used as outcome in loss->regret models and as predictor in the Delta-k sequential-adjustment models,R's read.csv() converts the hyphen to a dot in the column name
behavior-18.csv,outer-regret,outer.regret,"Subjective breadth regret rating (0-100 slider): ""I regret that I should have added more options and explored more""",Yes - standardized as z_outer_regret; used as outcome in loss->regret models and as predictor in the Delta-k sequential-adjustment models,Column name dot-converted by R the same way as inner-regret
behavior-18.csv,satisficing,satisficing,"Subjective satisfaction rating (0-100 slider): ""I am satisfied with my choice""",Yes - standardized as z_satisfaction; used in the SI other-emotions models (loss->emotion and Delta-k->emotion),-
behavior-18.csv,disappointment,disappointment,"Subjective disappointment rating (0-100 slider): ""I am disappointed with this outcome""",Yes - standardized as z_disappointment; used in the SI other-emotions models,-
behavior-18.csv,successful,successful,"Subjective perceived-success rating (0-100 slider): ""I think my choice was successful""",Yes - standardized as z_successful; used in the SI other-emotions models,-
behavior-18.csv,explore_rt,-,Reaction time (ms) for the exploration/search phase of the trial,No,Not referenced in final_code_v2.qmd
behavior-18.csv,explore_count,explore_count,"Number of options sampled (clicked) during the search phase; this is the realized search-set size k for the trial",Yes - central variable throughout: filtered (>=1) to exclude storage-error trials (explore_count==0); standardized as z_k / z_k2 (linear/quadratic); centered as explore_c for the empirical-optimum model; used to classify Above/Below-optimum groups,explore_count == 0 rows indicate a client-side data-storage error and are excluded
behavior-18.csv,user_chosen_point,user_chosen_point,Points awarded for the option the participant finally chose (10-100 scale),Yes - standardized as z_point; the main payoff/reward outcome variable,-
behavior-18.csv,global_best,global_best,"True best point value among all 40 options in the full pool (""global best""), i.e. the payoff of the single best option that existed but may not have been sampled",Yes - used to compute theo_outer_regret = global_best - observed_best,Corresponds conceptually to overallPt / user_unchosen_max_point in the task's front-end code (index_for lab.html)
behavior-18.csv,observed_best,observed_best,"True best point value among the options the participant actually sampled during search (""best-in-search-set"")",Yes - used to compute theo_inner_regret = observed_best - user_chosen_point and theo_outer_regret = global_best - observed_best,Corresponds conceptually to obsBestPt / user_observed_max_point in the task's front-end code
behavior-18.csv,final_choice,-,"0-based index of the option the participant finally chose after the 40 samples (same index scale as observed_choice_order)",No,"Added by scripts/convert_json_to_csv.py from the raw finalChoice field (identical to final_idx); not present in the original behavior-18.csv"
behavior-18.csv,success,-,Raw jsPsych trial success/completion flag,No,Not referenced in final_code_v2.qmd
behavior-18.csv,timeout,-,Raw jsPsych trial timeout flag,No,Not referenced in final_code_v2.qmd
behavior-18.csv,trial_type,-,jsPsych plugin/trial-type identifier for the logged event row,No,Not referenced in final_code_v2.qmd
behavior-18.csv,trial_index,-,jsPsych's internal running index of trial events,No,Not referenced in final_code_v2.qmd
behavior-18.csv,plugin_version,-,jsPsych plugin version string,No,Not referenced in final_code_v2.qmd
behavior-18.csv,time_elapsed,-,Milliseconds elapsed since the start of the jsPsych experiment,No,Not referenced in final_code_v2.qmd
behavior-18.csv,explore_count_right,-,Alternate/raw logging of explore_count (naming artifact from data export),No,Not referenced in final_code_v2.qmd; superseded by explore_count
behavior-18.csv,observed_best_choice,-,Index (0-39) of the option that was the best among those sampled,No,Not referenced in final_code_v2.qmd; the corresponding point value is captured instead via observed_best
behavior-18.csv,observed_choice_order,observed_choice_order,"Underscore-separated string listing, in visit order, the indices of the options the participant sampled during search",Yes - parsed with separate_rows() to compute per-trial view counts / Shannon entropy / evenness of within-set sampling (SI: Concentration of Within-Set Sampling),-
behavior-18.csv,observed_point_order,-,Underscore-separated string listing the point values observed in visit order,No,Not referenced in final_code_v2.qmd; observed_choice_order is used instead
behavior-18.csv,phase_str,-,Label for the current sub-phase of the trial (e.g. FeedbackSummary),No,Not referenced in final_code_v2.qmd
behavior-18.csv,sigma01,-,"Observation-noise SD (sigma) used when generating the noisy value shown on each click, on the [0,1] scale (fixed at 0.5 for all trials)",No,Not referenced in final_code_v2.qmd; constant across the dataset
behavior-18.csv,env_alpha,-,Shape parameter alpha of the Beta(alpha,beta) distribution used to generate each option's true value (fixed at 2),No,Not referenced in final_code_v2.qmd; constant across the dataset
behavior-18.csv,env_beta,-,Shape parameter beta of the Beta(alpha,beta) distribution used to generate each option's true value (fixed at 2),No,Not referenced in final_code_v2.qmd; constant across the dataset
behavior-18.csv,trial_number,-,Cumulative trial counter maintained by the task script,No,Not referenced in final_code_v2.qmd; round is used instead
behavior-18.csv,user_chosen_point_right,-,Alternate/raw logging of user_chosen_point (naming artifact from data export),No,Not referenced in final_code_v2.qmd; superseded by user_chosen_point
behavior-18.csv,user_unchosen_max_point,-,Front-end-logged best point value among all 40 options (task-side name for the global-best concept),No,Not referenced in final_code_v2.qmd; global_best is used instead for theo_outer_regret
behavior-18.csv,user_observed_max_point,-,Front-end-logged best point value among sampled options (task-side name for the best-in-search-set concept),No,Not referenced in final_code_v2.qmd; observed_best is used instead for theo_inner_regret/theo_outer_regret
behavior-18.csv,regret_choose,-,"Front-end-computed objective depth-deficit loss, max(0, best-in-search-set - chosen)",No,Not referenced in final_code_v2.qmd; theo_inner_regret is recomputed independently in R from observed_best and user_chosen_point (equivalent quantity without the max(0,...) floor)
behavior-18.csv,regret_explore_total,-,"Front-end-computed objective breadth-deficit loss, max(0, global best - chosen)",No,Not referenced in final_code_v2.qmd; theo_outer_regret is recomputed independently in R (equivalent quantity without the max(0,...) floor)
behavior-18.csv,chosen_true01,-,True value (before the 10-100 point mapping) of the finally chosen option on the underlying [0,1] Beta scale,No,Not referenced in final_code_v2.qmd
behavior-18.csv,observed_best_true01,-,True [0,1]-scale value of the best-in-search-set option,No,Not referenced in final_code_v2.qmd
behavior-18.csv,overall_best_true01,-,True [0,1]-scale value of the global-best option,No,Not referenced in final_code_v2.qmd
behavior-18.csv,event,-,Event-type label for click-level logging rows (e.g. observe_click / add_card),No,Not referenced in final_code_v2.qmd (click-level rows are not the unit of analysis; explore_count already summarizes them)
behavior-18.csv,idx,-,Index of the option involved in a click-level event,No,Not referenced in final_code_v2.qmd
behavior-18.csv,click_num,-,Running count of clicks used so far within the current trial,No,Not referenced in final_code_v2.qmd; explore_count captures the trial total instead
behavior-18.csv,visible_count,-,Number of option cards visible/added on screen at the time of a click-level event,No,Not referenced in final_code_v2.qmd
behavior-18.csv,value_point,-,"Noisy observed point value shown to the participant for a single click (true value + Gaussian noise, mapped to 10-100 and truncated)",No,Not referenced in final_code_v2.qmd; this is the per-click feedback value, distinct from the trial-level outcome variables
behavior-18.csv,rt,-,Generic jsPsych reaction time (ms) field for the logged row,No,Not referenced in final_code_v2.qmd
behavior-18.csv,stimulus,-,Raw HTML/stimulus string rendered for the logged jsPsych trial,No,Not referenced in final_code_v2.qmd
behavior-18.csv,proceed,-,Boolean flag used internally by the task to advance the trial,No,Not referenced in final_code_v2.qmd
behavior-18.csv,final_idx,-,Index (0-39) of the option ultimately selected by the participant,No,Not referenced in final_code_v2.qmd; captured instead via user_chosen_point (its payoff)
behavior-18.csv,finalChoice,-,Duplicate/alternate logging of the final choice index,No,Not referenced in final_code_v2.qmd
behavior-18.csv,global_seen,-,Flag for whether the global-best option had been sampled by the participant,No,Not referenced in final_code_v2.qmd
behavior-18.csv,gini_index,-,"Gini coefficient of the within-trial view-count distribution (concentration of sampling), computed during data export",No,Not referenced in final_code_v2.qmd; entropy/evenness are recomputed independently in R from observed_choice_order instead
behavior-18.csv,user_id,user_id,Unique participant identifier (matches demographics_2.csv user_id),Yes - grouping factor for all by-participant random effects; join key for demographic exclusion,-
behavior-18.csv,explore_count_next,-,Pre-computed value of explore_count on the following trial (same participant),No,Not referenced directly in final_code_v2.qmd; used only to pre-compute explore_count_diff in the raw file
behavior-18.csv,explore_count_diff,explore_count_diff,"Trial-to-trial change in search-set size, Delta k = explore_count_next - explore_count",Yes - the outcome variable in all Sequential-adjustment (Delta k) models (regret- and other-emotion-predicting models, with and without the k_t robustness control),Pre-computed in the raw CSV (not recomputed in final_code_v2.qmd); undefined (NA) for a participant's last trial or across an excluded/missing adjacent trial - this is why only 567 of the 631 retained trials have a non-missing value
final_code_v2.qmd (derived),theo_inner_regret,theo_inner_regret,"Objective depth-deficit loss = observed_best - user_chosen_point (points left on the table by not choosing the best-in-search-set option)",Yes - predictor in loss->regret/emotion models; also used to define selected_best = (theo_inner_regret == 0) for the within-set best-option-selection analysis,Derived in R; not a raw CSV column
final_code_v2.qmd (derived),theo_outer_regret,theo_outer_regret,"Objective breadth-deficit loss = global_best - observed_best (points left on the table by not sampling more options)",Yes - predictor in loss->regret/emotion models,Derived in R; not a raw CSV column
final_code_v2.qmd (derived),group,group,"Above optimum / Below optimum classification based on a participant's Trial-1 (round==4) explore_count relative to the simulation-derived benchmark k*=15.82",Yes - used in the group x trial interaction model (Behavioral adaptation toward the theoretical optimum),"Set to NA for participants whose Trial 1 was not round 4 (i.e., a storage-error participant whose true first trial was corrupted) - excluded from this classification only, not from other analyses"
