user_id,sex,age
OfNoZSLCyqnPUIVoN4,女性,22
OfNsWNYlfDekm3A5603,男性,20
OfOBRlo2ppYNy3N0frQ,男性,22
OfOFP18LLAANazyO9G,男性,22
OfScgb8HPvxO1_Tyro_,女性,22
OfSm1kkph_b1iheIKZl,女性,22
OfSzRs8eoVYsZFxXite,男性,22
OfTFIOBvJDzmlc5l777,男性,22
OfbiBL3uimkLM4tmyNV,男性,22
OfcGBVHzIbpiavQp0I9,男性,22
OfcVga_QcZWki2bo_L,男性,22
Ofwzv_2lSBXa2qcKByh,男性,23
OfxZjiYSdgxjxsAzA5A,男性,28
Ofxc3XHlRfoF1I6ieVz,女性,25
Og0LFvK4B24uEKTjAU,男性,21
Og05DBKttqwqb1eHVR,男性,22
Og18X8Dzhg2ZmKT9i,男性,27
Og1Ay0W2WDRTUWm3xjd,男性,25
Og6Ix5lYc9WRvoe0K5E,男性,23
Og6d1zXVuyrK3bvo8He,女性,22
OgBODeqDpP4IPqpVDQ,男性,18
OgBQ10MJJaxu7hyEF43,男性,20
OgGp8n1XVIbnZ_UcdYW,女性,26
OgGs3xAHEZKlpMPT,女性,19
OgH3csOwY5c2STrd6o,男性,23
OgH3rXg8L_1xz1yh5WY,男性,24
OgUTQP4KgDORoKaRca2,男性,21
OgUZR8AOll6WOVYCXF,男性,20
OgUrMGAalT0sAIvdCvD,男性,26
OgUuT9xt4q6mndor_Qm,女性,23
OgVnCNVuoGy_yzrsEoq,女性,19
OgVnkpN1WHR2Pb9PzIf,女性,20
OgWdLy6hb3SUlhP_1_f,男性,23
Og_ZOqnhAU7HxRuxqXz,女性,22
Og_rP_VnJ4TdS1Hd1ty,女性,23
OgaGMI0SorSW_UFtHRw,男性,24
OgeEl1IuGELIQ8VsvE,女性,20
OgfVEHTIRJT9yZz_A50,男性,21
OgfX01J_kYt7xY4mgF,女性,20
Ogf_loNtj5e0lQCZmBR,男性,22
Ogo7hmwHb0VfmebWLfM,男性,20
OgoGNa_bWJ2uJ9UgbJ,その他/答えたくない,100
OgoL1G4yK0gECIt_U9_,女性,24
OgoeLu6jhvkN__YwKYn,男性,23
Ogox5DQlXHhiTUeD5H2,男性,24
Ogoxh2fhsH4OFwi9Xs,男性,25
OgpQnwMdT64_951s6i,男性,32
OgpoBhzUx4sDPBPvFr3,男性,26
OgzMel7unjQghavpEg,女性,21
Ogzk051bU3_gsdyW1kw,女性,22
Ogzl8RZ2XH1zayYStik,男性,22
Ogzn6mDGaxQ1xjCTd4v,男性,22
OhCaMaTjf8zyX95BO,男性,29
Oh2t1coHEHmRZMisRqJ,女性,24
Oh38cKnRBtCA5nnCZBY,女性,24
Oh3BrUqTvL_nZ8QMjv6,女性,24
Oh48a2Zd_B73r1omwCS,男性,24
Oh4BHuxuHzSv2JA_tRi,男性,24
Oh4RDp2h2Qa9d8Yr4NQ,男性,25
Oh4WPdyeU0mciU_dPHE,女性,24
Oh8i9ZvfY2A99dqy09w,女性,24
Oh8oG7TFsdwM0cayZ1D,女性,25
Oh8ufzScrtFpoKDuhZz,男性,20
Oh90YO_POI8WeRPbh,女性,22
Oh99kHAx8BqNRQJsu0V,女性,24
